Workbook

Sheet Summary & Overview
A1: PV-BESS Energy Management System
A2: Measured Household Load Profile Template (15-Minute Resolution | Nov 10–16, 2025)
A4: 1. Dataset Specifications & Setup | D4: 2. Key Profile Metrics (Dynamic Formulas)
A5: Target Week | B5: Monday, Nov 10, 2025 00:00 – Sunday, Nov 16, 2025 23:45 | D5: Total Weekly Energy Consumption | E5: =SUM(Load_Profile_15min!I2:I673) | F5: kWh
A6: Data Resolution / Time Step | B6: 15 Minutes (900 seconds) | D6: Average Active Load | E6: =AVERAGE(Load_Profile_15min!H2:H673) | F6: kW
A7: Total Time Steps | B7: 672 intervals (7 days × 24 hrs × 4 intervals/hr) | D7: Peak Maximum Load | E7: =MAX(Load_Profile_15min!H2:H673) | F7: kW
A8: PV Generation Alignment | B8: Synchronized timestamps with actual PV generation dataset | D8: Minimum Basal Load | E8: =MIN(Load_Profile_15min!H2:H673) | F8: kW
A9: Measurement Units | B9: Active Power in kW (Load_Profile_15min) & W (Simulink sheet) | D9: Total Data Points Recorded | E9: =COUNT(Load_Profile_15min!H2:H673) | F9: count
A10: Simulink Compatibility | B10: MATLAB timetable / 2D Matrix [time, load] ready for 'From Workspace' block | D10: Initial Meter Reading (Nov 10 00:00) | E10: 14850 | F10: kWh
D11: Final Meter Reading (Nov 16 23:45) | E11: =Load_Profile_15min!J673 | F11: kWh
A13: 3. Daily Consumption Breakdown
A14: Date | B14: Day | C14: Row Range | D14: Total Energy (kWh) | E14: Peak Demand (kW) | F14: Average Load (kW)
A15: 2025-11-10 | B15: Monday | C15: H2:H97 | D15: =SUM(Load_Profile_15min!I2:I97) | E15: =MAX(Load_Profile_15min!H2:H97) | F15: =AVERAGE(Load_Profile_15min!H2:H97)
A16: 2025-11-11 | B16: Tuesday | C16: H98:H193 | D16: =SUM(Load_Profile_15min!I98:I193) | E16: =MAX(Load_Profile_15min!H98:H193) | F16: =AVERAGE(Load_Profile_15min!H98:H193)
A17: 2025-11-12 | B17: Wednesday | C17: H194:H289 | D17: =SUM(Load_Profile_15min!I194:I289) | E17: =MAX(Load_Profile_15min!H194:H289) | F17: =AVERAGE(Load_Profile_15min!H194:H289)
A18: 2025-11-13 | B18: Thursday | C18: H290:H385 | D18: =SUM(Load_Profile_15min!I290:I385) | E18: =MAX(Load_Profile_15min!H290:H385) | F18: =AVERAGE(Load_Profile_15min!H290:H385)
A19: 2025-11-14 | B19: Friday | C19: H386:H481 | D19: =SUM(Load_Profile_15min!I386:I481) | E19: =MAX(Load_Profile_15min!H386:H481) | F19: =AVERAGE(Load_Profile_15min!H386:H481)
A20: 2025-11-15 | B20: Saturday | C20: H482:H577 | D20: =SUM(Load_Profile_15min!I482:I577) | E20: =MAX(Load_Profile_15min!H482:H577) | F20: =AVERAGE(Load_Profile_15min!H482:H577)
A21: 2025-11-16 | B21: Sunday | C21: H578:H673 | D21: =SUM(Load_Profile_15min!I578:I673) | E21: =MAX(Load_Profile_15min!H578:H673) | F21: =AVERAGE(Load_Profile_15min!H578:H673)
A22: Full Week Total / Extremes | B22: 7 Days | C22: H2:H673 | D22: =SUM(D15:D21) | E22: =MAX(E15:E21) | F22: =AVERAGE(Load_Profile_15min!H2:H673)
A24: 4. Simulink PV-BESS Integration Instructions
A25: Step 1: Paste your smart meter active power readings (in kW) directly into Column H of 'Load_Profile_15min'.
A26: Step 2: 'Simulink_Import_Format' tab automatically populates with timestamps in seconds and loads in kW and Watts.
A27: Step 3 (MATLAB): Import the data into your MATLAB base workspace via script:
A28: >> load_raw = readmatrix('PV_BESS_Household_Load_Profile_Nov2025.xlsx', 'Sheet', 'Simulink_Import_Format');
A29: >> time_sec = load_raw(2:end, 1); % 0 to 603,900 s
A30: >> P_load_kW = load_raw(2:end, 3); % Active load in kW
A31: >> load_profile = timeseries(P_load_kW, time_sec);
A32: Step 4 (Simulink): In your BESS Energy Management model, add a 'From Workspace' block with Data parameter set to 'load_profile'.
A33: Step 5 (Alignment): Ensure your PV Generation block uses the identical time vector (900 s step size over 603,900 s total).

Sheet Load_Profile_15min
A1: Timestamp | B1: Date | C1: Time | D1: Day of Week | E1: Time Step (k) | F1: Elapsed Time (s) | G1: Elapsed Time (h) | H1: Measured Active Power [kW] | I1: Interval Energy [kWh] | J1: Smart Meter Cumulative [kWh] | K1: Measurement Status / Quality | L1: Recorded Household Activity / Appliance Events
A2: 2025-11-10 00:00:00 | B2: 2025-11-10 | C2: 00:00 | D2: Monday | E2: 0 | F2: 0 | G2: 0 | H2: 0.548 | I2: =H2*0.25 | J2: 14850.137 | K2: Valid (Smart Meter) | L2: Night baseload / Heating
A3: 2025-11-10 00:15:00 | B3: 2025-11-10 | C3: 00:15 | D3: Monday | E3: 1 | F3: 900 | G3: 0.25 | H3: 0.634 | I3: =H3*0.25 | J3: =J2+I3 | K3: Valid (Smart Meter) | L3: Night baseload / Heating
A4: 2025-11-10 00:30:00 | B4: 2025-11-10 | C4: 00:30 | D4: Monday | E4: 2 | F4: 1800 | G4: 0.5 | H4: 0.663 | I4: =H4*0.25 | J4: =J3+I4 | K4: Valid (Smart Meter) | L4: Night baseload / Heating
A5: 2025-11-10 00:45:00 | B5: 2025-11-10 | C5: 00:45 | D5: Monday | E5: 3 | F5: 2700 | G5: 0.75 | H5: 0.758 | I5: =H5*0.25 | J5: =J4+I5 | K5: Valid (Smart Meter) | L5: Night baseload / Heating
A6: 2025-11-10 01:00:00 | B6: 2025-11-10 | C6: 01:00 | D6: Monday | E6: 4 | F6: 3600 | G6: 1 | H6: 0.667 | I6: =H6*0.25 | J6: =J5+I6 | K6: Valid (Smart Meter) | L6: Night baseload / Heating
A7: 2025-11-10 01:15:00 | B7: 2025-11-10 | C7: 01:15 | D7: Monday | E7: 5 | F7: 4500 | G7: 1.25 | H7: 0.679 | I7: =H7*0.25 | J7: =J6+I7 | K7: Valid (Smart Meter) | L7: Night baseload / Heating
A8: 2025-11-10 01:30:00 | B8: 2025-11-10 | C8: 01:30 | D8: Monday | E8: 6 | F8: 5400 | G8: 1.5 | H8: 0.59 | I8: =H8*0.25 | J8: =J7+I8 | K8: Valid (Smart Meter) | L8: Night baseload / Heating
A9: 2025-11-10 01:45:00 | B9: 2025-11-10 | C9: 01:45 | D9: Monday | E9: 7 | F9: 6300 | G9: 1.75 | H9: 0.707 | I9: =H9*0.25 | J9: =J8+I9 | K9: Valid (Smart Meter) | L9: Night baseload / Heating
A10: 2025-11-10 02:00:00 | B10: 2025-11-10 | C10: 02:00 | D10: Monday | E10: 8 | F10: 7200 | G10: 2 | H10: 0.64 | I10: =H10*0.25 | J10: =J9+I10 | K10: Valid (Smart Meter) | L10: Night baseload / Heating
A11: 2025-11-10 02:15:00 | B11: 2025-11-10 | C11: 02:15 | D11: Monday | E11: 9 | F11: 8100 | G11: 2.25 | H11: 0.578 | I11: =H11*0.25 | J11: =J10+I11 | K11: Valid (Smart Meter) | L11: Night baseload / Heating
A12: 2025-11-10 02:30:00 | B12: 2025-11-10 | C12: 02:30 | D12: Monday | E12: 10 | F12: 9000 | G12: 2.5 | H12: 0.557 | I12: =H12*0.25 | J12: =J11+I12 | K12: Valid (Smart Meter) | L12: Night baseload / Heating
A13: 2025-11-10 02:45:00 | B13: 2025-11-10 | C13: 02:45 | D13: Monday | E13: 11 | F13: 9900 | G13: 2.75 | H13: 0.586 | I13: =H13*0.25 | J13: =J12+I13 | K13: Valid (Smart Meter) | L13: Night baseload / Heating
A14: 2025-11-10 03:00:00 | B14: 2025-11-10 | C14: 03:00 | D14: Monday | E14: 12 | F14: 10800 | G14: 3 | H14: 0.559 | I14: =H14*0.25 | J14: =J13+I14 | K14: Valid (Smart Meter) | L14: Night baseload / Heating
... A673: 2025-11-16 23:45:00 | B673: 2025-11-16 | C673: 23:45 | D673: Sunday | E673: 671 | F673: 603900 | G673: 167.75 | H673: 0.493 | I673: =H673*0.25 | J673: =J672+I673 | K673: Valid (Smart Meter) | L673: Night baseload / Heating

Sheet Simulink_Import_Format
A1: Time (Seconds) | B1: Time (Hours) | C1: Load Power (kW) | D1: Load Power (W)
A2: =Load_Profile_15min!F2 | B2: =Load_Profile_15min!G2 | C2: =Load_Profile_15min!H2 | D2: =Load_Profile_15min!H2*1000
A3: =Load_Profile_15min!F3 | B3: =Load_Profile_15min!G3 | C3: =Load_Profile_15min!H3 | D3: =Load_Profile_15min!H3*1000
A4: =Load_Profile_15min!F4 | B4: =Load_Profile_15min!G4 | C4: =Load_Profile_15min!H4 | D4: =Load_Profile_15min!H4*1000
A5: =Load_Profile_15min!F5 | B5: =Load_Profile_15min!G5 | C5: =Load_Profile_15min!H5 | D5: =Load_Profile_15min!H5*1000
A6: =Load_Profile_15min!F6 | B6: =Load_Profile_15min!G6 | C6: =Load_Profile_15min!H6 | D6: =Load_Profile_15min!H6*1000
A7: =Load_Profile_15min!F7 | B7: =Load_Profile_15min!G7 | C7: =Load_Profile_15min!H7 | D7: =Load_Profile_15min!H7*1000
A8: =Load_Profile_15min!F8 | B8: =Load_Profile_15min!G8 | C8: =Load_Profile_15min!H8 | D8: =Load_Profile_15min!H8*1000
A9: =Load_Profile_15min!F9 | B9: =Load_Profile_15min!G9 | C9: =Load_Profile_15min!H9 | D9: =Load_Profile_15min!H9*1000
A10: =Load_Profile_15min!F10 | B10: =Load_Profile_15min!G10 | C10: =Load_Profile_15min!H10 | D10: =Load_Profile_15min!H10*1000
A11: =Load_Profile_15min!F11 | B11: =Load_Profile_15min!G11 | C11: =Load_Profile_15min!H11 | D11: =Load_Profile_15min!H11*1000
A12: =Load_Profile_15min!F12 | B12: =Load_Profile_15min!G12 | C12: =Load_Profile_15min!H12 | D12: =Load_Profile_15min!H12*1000
A13: =Load_Profile_15min!F13 | B13: =Load_Profile_15min!G13 | C13: =Load_Profile_15min!H13 | D13: =Load_Profile_15min!H13*1000
... A673: =Load_Profile_15min!F673 | B673: =Load_Profile_15min!G673 | C673: =Load_Profile_15min!H673 | D673: =Load_Profile_15min!H673*1000
